Issue Type,Epic Link,Summary,Description,Acceptance Criteria,Story Points,Status
Epic,,User Authentication,Implement secure login and signup functionality,,,To Do
Epic,,Account Overview,Display account balances and recent transactions,,,To Do
Epic,,Fund Transfer,Enable users to transfer funds between accounts,,,To Do
Epic,,Bill Payments,Allow users to pay utility bills from their account,,,To Do
Epic,,Notifications,Send alerts and push notifications to users,,,To Do
Epic,,Security & Compliance,Implement regulatory and security features,,,To Do
Story,User Authentication,Login with credentials,"As a user, I want to log in with my username and password so that I can access my account.","Given I have valid credentials
When I enter them and click login
Then I should be redirected to the dashboard",5,To Do
Story,User Authentication,Signup with email verification,"As a new user, I want to sign up and verify my email so that I can start using the app.","Given I provide valid signup details
When I submit the form
Then I should receive a verification email",5,To Do
Story,Account Overview,View account balance,"As a user, I want to view my account balance so that I know how much money I have.","Given I am logged in
When I open the dashboard
Then I should see my current balance",3,To Do
Story,Account Overview,View recent transactions,"As a user, I want to see my recent transactions so that I can track my spending.","Given I am on the dashboard
When I scroll down
Then I should see a list of recent transactions",3,To Do
Story,Fund Transfer,Transfer funds to another account,"As a user, I want to transfer funds to another account so that I can pay others.","Given I enter recipient and amount
When I confirm the transfer
Then the amount should be debited and confirmation shown",8,To Do
Story,Fund Transfer,Add beneficiary,"As a user, I want to add a beneficiary so that I can transfer funds easily in the future.","Given I provide beneficiary details
When I save them
Then the beneficiary should be added to my list",5,To Do
Story,Bill Payments,Pay electricity bill,"As a user, I want to pay my electricity bill so that I avoid late fees.","Given I select electricity provider
When I enter account number and amount
Then the bill should be paid",5,To Do
Story,Bill Payments,Schedule bill payment,"As a user, I want to schedule bill payments so that they are paid automatically.","Given I choose a bill and date
When I schedule it
Then it should be paid on the selected date",5,To Do
Story,Notifications,Receive transaction alerts,"As a user, I want to receive alerts for transactions so that I stay informed.","Given a transaction occurs
When it is processed
Then I should receive an alert",3,To Do
Story,Notifications,Enable push notifications,"As a user, I want to enable push notifications so that I get real-time updates.","Given I enable notifications
When an event occurs
Then I should receive a push message",3,To Do
Story,Security & Compliance,Two-factor authentication,"As a user, I want to use two-factor authentication so that my account is more secure.","Given I enter my credentials
When prompted for OTP
Then I should enter it to complete login",8,To Do
Story,Security & Compliance,Encrypt sensitive data,"As a developer, I want to encrypt sensitive data so that it is protected.","Given data is stored
When it includes sensitive info
Then it should be encrypted at rest",5,To Do
